--------------------------------------------------------
--  File created - Segunda-feira-Maio-17-2021   
--------------------------------------------------------
REM INSERTING into LEIAABDG10.ABRANGIDAS
SET DEFINE OFF;
Insert into LEIAABDG10.ABRANGIDAS (ID_PROFISSAO,ID_CRITERIOS) values ('1','1');
Insert into LEIAABDG10.ABRANGIDAS (ID_PROFISSAO,ID_CRITERIOS) values ('2','1');
Insert into LEIAABDG10.ABRANGIDAS (ID_PROFISSAO,ID_CRITERIOS) values ('3','1');
Insert into LEIAABDG10.ABRANGIDAS (ID_PROFISSAO,ID_CRITERIOS) values ('4','2');
Insert into LEIAABDG10.ABRANGIDAS (ID_PROFISSAO,ID_CRITERIOS) values ('5','3');
Insert into LEIAABDG10.ABRANGIDAS (ID_PROFISSAO,ID_CRITERIOS) values ('6','3');
Insert into LEIAABDG10.ABRANGIDAS (ID_PROFISSAO,ID_CRITERIOS) values ('7','3');
REM INSERTING into LEIAABDG10.ARMAZENS
SET DEFINE OFF;
Insert into LEIAABDG10.ARMAZENS (ID_ARMAZEM,MORADA,DISTRITO,REGIAO,CAPACIDADE_MAXIMA) values ('1','Rodovia Marcelo Albuquerque, 157','Bragança','Norte','900');
Insert into LEIAABDG10.ARMAZENS (ID_ARMAZEM,MORADA,DISTRITO,REGIAO,CAPACIDADE_MAXIMA) values ('2','Avenida Heitor Carvalho, 617','Coimbra','Centro','934');
Insert into LEIAABDG10.ARMAZENS (ID_ARMAZEM,MORADA,DISTRITO,REGIAO,CAPACIDADE_MAXIMA) values ('3','Travessa Vitor Moreira, 165','Porto','Norte','743');
Insert into LEIAABDG10.ARMAZENS (ID_ARMAZEM,MORADA,DISTRITO,REGIAO,CAPACIDADE_MAXIMA) values ('4','Rua Rafael Franco, 8910','Braga','Norte','569');
Insert into LEIAABDG10.ARMAZENS (ID_ARMAZEM,MORADA,DISTRITO,REGIAO,CAPACIDADE_MAXIMA) values ('5','Avenida Meire Reis, 563','Faro','Sul','716');
Insert into LEIAABDG10.ARMAZENS (ID_ARMAZEM,MORADA,DISTRITO,REGIAO,CAPACIDADE_MAXIMA) values ('6','Alameda Carla Costa, 82','Terceira','Ilhas','675');
Insert into LEIAABDG10.ARMAZENS (ID_ARMAZEM,MORADA,DISTRITO,REGIAO,CAPACIDADE_MAXIMA) values ('7','Marginal Alice Pereira, 77','Horta','Ilhas','666');
Insert into LEIAABDG10.ARMAZENS (ID_ARMAZEM,MORADA,DISTRITO,REGIAO,CAPACIDADE_MAXIMA) values ('8','Rua Maria Clara Macedo, 44','Porto Santo','Ilhas','665');
Insert into LEIAABDG10.ARMAZENS (ID_ARMAZEM,MORADA,DISTRITO,REGIAO,CAPACIDADE_MAXIMA) values ('9','Avenida Jose Moreira, 8418','Funchal','Ilhas','568');
Insert into LEIAABDG10.ARMAZENS (ID_ARMAZEM,MORADA,DISTRITO,REGIAO,CAPACIDADE_MAXIMA) values ('10','Avenida Valentina Braga, 453','Faro','Sul','795');
Insert into LEIAABDG10.ARMAZENS (ID_ARMAZEM,MORADA,DISTRITO,REGIAO,CAPACIDADE_MAXIMA) values ('11','Travessa Leonardo Sousa, 47','Lisboa','Centro','835');
Insert into LEIAABDG10.ARMAZENS (ID_ARMAZEM,MORADA,DISTRITO,REGIAO,CAPACIDADE_MAXIMA) values ('12','Rodovia Heitor Albuquerque, 8101','Lisboa','Centro','852');
Insert into LEIAABDG10.ARMAZENS (ID_ARMAZEM,MORADA,DISTRITO,REGIAO,CAPACIDADE_MAXIMA) values ('13','Travessa João Albuquerque, 36','Beja','Sul
','981');
REM INSERTING into LEIAABDG10.CAUSAM
SET DEFINE OFF;
Insert into LEIAABDG10.CAUSAM (ID_TOMA,ID_REACOES) values ('1','2');
Insert into LEIAABDG10.CAUSAM (ID_TOMA,ID_REACOES) values ('2','1');
Insert into LEIAABDG10.CAUSAM (ID_TOMA,ID_REACOES) values ('3','3');
REM INSERTING into LEIAABDG10.CENTRO_SAUDE
SET DEFINE OFF;
Insert into LEIAABDG10.CENTRO_SAUDE (ID_CENTROSAUDE,NOME,MORADA,CONCELHO,TELEMOVEL,REGIAO,CODIGO_POSTAL,CIDADE) values ('1','Centro de Saude de Gondomar','Rua do Lavrador','Gondomar','968930323','Norte','4545-430','Porto');
Insert into LEIAABDG10.CENTRO_SAUDE (ID_CENTROSAUDE,NOME,MORADA,CONCELHO,TELEMOVEL,REGIAO,CODIGO_POSTAL,CIDADE) values ('2','Centro de Saude de Aveiro','Rua Doutor Alberto Souto Bonsucesso','Aveiro','960182127','Centro','4004-400','Aveiro');
Insert into LEIAABDG10.CENTRO_SAUDE (ID_CENTROSAUDE,NOME,MORADA,CONCELHO,TELEMOVEL,REGIAO,CODIGO_POSTAL,CIDADE) values ('3','Centro de Saude de Faro','Rua Frei Lourenço de Santa Maria','Faro','925676469','Sul','2340-231','Faro');
Insert into LEIAABDG10.CENTRO_SAUDE (ID_CENTROSAUDE,NOME,MORADA,CONCELHO,TELEMOVEL,REGIAO,CODIGO_POSTAL,CIDADE) values ('4','Centro de Saude de Lisboa','Rua dos Anjos','Lisboa','965869673','Centro','1230-231','Lisboa');
Insert into LEIAABDG10.CENTRO_SAUDE (ID_CENTROSAUDE,NOME,MORADA,CONCELHO,TELEMOVEL,REGIAO,CODIGO_POSTAL,CIDADE) values ('5','Centro de Saude da Maia','Rua do Maia Shopping','Maia','968930881','Norte','4545-123','Porto');
Insert into LEIAABDG10.CENTRO_SAUDE (ID_CENTROSAUDE,NOME,MORADA,CONCELHO,TELEMOVEL,REGIAO,CODIGO_POSTAL,CIDADE) values ('6','Centro de Saude de Viseu','Largo da Lameira','Antas','963513315','Centro','1234-132','Viseu');
Insert into LEIAABDG10.CENTRO_SAUDE (ID_CENTROSAUDE,NOME,MORADA,CONCELHO,TELEMOVEL,REGIAO,CODIGO_POSTAL,CIDADE) values ('7','Centro de Saude de Silves','Rua Guilherme Saraiva','Silves','252313113','Sul','4032-321','Faro');
Insert into LEIAABDG10.CENTRO_SAUDE (ID_CENTROSAUDE,NOME,MORADA,CONCELHO,TELEMOVEL,REGIAO,CODIGO_POSTAL,CIDADE) values ('8','Centro de Saude de Portimão','Rua Guilherme Saraiva','Portimao','251323113','Sul','4032-123','Portimão');
Insert into LEIAABDG10.CENTRO_SAUDE (ID_CENTROSAUDE,NOME,MORADA,CONCELHO,TELEMOVEL,REGIAO,CODIGO_POSTAL,CIDADE) values ('9','Centro de Saude de Matosinhos','Marginal Carvalhos','Matosinhos','252313113','Norte','2312-321','Porto');
REM INSERTING into LEIAABDG10.CENTROS_VACINACAO
SET DEFINE OFF;
Insert into LEIAABDG10.CENTROS_VACINACAO (ID_CENTRO,MORADA,REGIAO,CONCELHO) values ('7','Alameda Eduardo Saraiva, 707','Sul
','Portimão');
Insert into LEIAABDG10.CENTROS_VACINACAO (ID_CENTRO,MORADA,REGIAO,CONCELHO) values ('8','Avenida Felícia Batista, 8957','Norte
','Braga');
Insert into LEIAABDG10.CENTROS_VACINACAO (ID_CENTRO,MORADA,REGIAO,CONCELHO) values ('9','Alameda Marcos Batista, 862','Sul
','Lagos');
Insert into LEIAABDG10.CENTROS_VACINACAO (ID_CENTRO,MORADA,REGIAO,CONCELHO) values ('1','Rua Doutor José Neves Júnior 8000-332 ','Sul','Faro');
Insert into LEIAABDG10.CENTROS_VACINACAO (ID_CENTRO,MORADA,REGIAO,CONCELHO) values ('2','Rua 25 de Abril Mataduços 3800-002 ','Centro','Aveiro');
Insert into LEIAABDG10.CENTROS_VACINACAO (ID_CENTRO,MORADA,REGIAO,CONCELHO) values ('3','Praça Francisco Sá Carneiro 1049-004 ','Centro','Lisboa');
Insert into LEIAABDG10.CENTROS_VACINACAO (ID_CENTRO,MORADA,REGIAO,CONCELHO) values ('4','Rua Joaquim António de Aguiar 4049-005 ','Norte','Porto');
Insert into LEIAABDG10.CENTROS_VACINACAO (ID_CENTRO,MORADA,REGIAO,CONCELHO) values ('5','Largo do Tabolado 3624-001 ','Centro','Moimenta da Beira');
Insert into LEIAABDG10.CENTROS_VACINACAO (ID_CENTRO,MORADA,REGIAO,CONCELHO) values ('6','Largo do Souto 3624-001 ','Norte','Gondomar');
REM INSERTING into LEIAABDG10.CONVOCATORIAS
SET DEFINE OFF;
Insert into LEIAABDG10.CONVOCATORIAS (ID_CONVOCATORIA,ID_FASE,ID_SLOT,CC,JUSTIFICACAO,DATACONVOCATORIA,RESPOSTA) values ('7','2','2','30035762','recusado',to_date('21.04.01','RR.MM.DD'),'n');
Insert into LEIAABDG10.CONVOCATORIAS (ID_CONVOCATORIA,ID_FASE,ID_SLOT,CC,JUSTIFICACAO,DATACONVOCATORIA,RESPOSTA) values ('8','2','8','13219152','recusado',to_date('21.04.03','RR.MM.DD'),'n');
Insert into LEIAABDG10.CONVOCATORIAS (ID_CONVOCATORIA,ID_FASE,ID_SLOT,CC,JUSTIFICACAO,DATACONVOCATORIA,RESPOSTA) values ('9','2','9','38817065','recusado',to_date('21.04.03','RR.MM.DD'),'n');
Insert into LEIAABDG10.CONVOCATORIAS (ID_CONVOCATORIA,ID_FASE,ID_SLOT,CC,JUSTIFICACAO,DATACONVOCATORIA,RESPOSTA) values ('10','2','10','15799169','aceite',to_date('21.04.04','RR.MM.DD'),'s');
Insert into LEIAABDG10.CONVOCATORIAS (ID_CONVOCATORIA,ID_FASE,ID_SLOT,CC,JUSTIFICACAO,DATACONVOCATORIA,RESPOSTA) values ('11','2','11','93615842','aceite',to_date('21.04.04','RR.MM.DD'),'s');
Insert into LEIAABDG10.CONVOCATORIAS (ID_CONVOCATORIA,ID_FASE,ID_SLOT,CC,JUSTIFICACAO,DATACONVOCATORIA,RESPOSTA) values ('12','2','12','89192206','aceite',to_date('21.04.05','RR.MM.DD'),'s');
Insert into LEIAABDG10.CONVOCATORIAS (ID_CONVOCATORIA,ID_FASE,ID_SLOT,CC,JUSTIFICACAO,DATACONVOCATORIA,RESPOSTA) values ('1','1','1','15668707','aceite',to_date('20.12.01','RR.MM.DD'),'s');
Insert into LEIAABDG10.CONVOCATORIAS (ID_CONVOCATORIA,ID_FASE,ID_SLOT,CC,JUSTIFICACAO,DATACONVOCATORIA,RESPOSTA) values ('2','1','3','27716898','aceite',to_date('20.11.26','RR.MM.DD'),'s');
Insert into LEIAABDG10.CONVOCATORIAS (ID_CONVOCATORIA,ID_FASE,ID_SLOT,CC,JUSTIFICACAO,DATACONVOCATORIA,RESPOSTA) values ('3','1','5','27724218','aceite',to_date('21.02.24','RR.MM.DD'),'s');
Insert into LEIAABDG10.CONVOCATORIAS (ID_CONVOCATORIA,ID_FASE,ID_SLOT,CC,JUSTIFICACAO,DATACONVOCATORIA,RESPOSTA) values ('4','1','4','84649472','aceite',to_date('21.04.28','RR.MM.DD'),'s');
Insert into LEIAABDG10.CONVOCATORIAS (ID_CONVOCATORIA,ID_FASE,ID_SLOT,CC,JUSTIFICACAO,DATACONVOCATORIA,RESPOSTA) values ('5','1','7','15668707','aceite',to_date('21.03.03','RR.MM.DD'),'s');
Insert into LEIAABDG10.CONVOCATORIAS (ID_CONVOCATORIA,ID_FASE,ID_SLOT,CC,JUSTIFICACAO,DATACONVOCATORIA,RESPOSTA) values ('6','2','6','6248132','recusado',to_date('21.04.20','RR.MM.DD'),'n');
REM INSERTING into LEIAABDG10.CRITERIOS
SET DEFINE OFF;
Insert into LEIAABDG10.CRITERIOS (ID_CRITERIOS,ID_FASE,INTERVALO_IDADE_INF,INTERVALO_IDADE_SUP) values ('1','1','21','95');
Insert into LEIAABDG10.CRITERIOS (ID_CRITERIOS,ID_FASE,INTERVALO_IDADE_INF,INTERVALO_IDADE_SUP) values ('2','2','50','74');
Insert into LEIAABDG10.CRITERIOS (ID_CRITERIOS,ID_FASE,INTERVALO_IDADE_INF,INTERVALO_IDADE_SUP) values ('3','3','18','49');
REM INSERTING into LEIAABDG10.DOENCAS
SET DEFINE OFF;
Insert into LEIAABDG10.DOENCAS (ID_DOENCAS,ID_CRITERIOS,NOME) values ('1','1','Insuficiencia cardiaca');
Insert into LEIAABDG10.DOENCAS (ID_DOENCAS,ID_CRITERIOS,NOME) values ('2','1','Doença coronaria');
Insert into LEIAABDG10.DOENCAS (ID_DOENCAS,ID_CRITERIOS,NOME) values ('3','1','Insuficiencia renal');
Insert into LEIAABDG10.DOENCAS (ID_DOENCAS,ID_CRITERIOS,NOME) values ('4','1','Doença respiratoria cronica');
Insert into LEIAABDG10.DOENCAS (ID_DOENCAS,ID_CRITERIOS,NOME) values ('5','2','Imunossupressao');
Insert into LEIAABDG10.DOENCAS (ID_DOENCAS,ID_CRITERIOS,NOME) values ('6','2','Diabetes');
Insert into LEIAABDG10.DOENCAS (ID_DOENCAS,ID_CRITERIOS,NOME) values ('7','2','Doencas mentais');
Insert into LEIAABDG10.DOENCAS (ID_DOENCAS,ID_CRITERIOS,NOME) values ('8','2','Doencas neurologicas');
Insert into LEIAABDG10.DOENCAS (ID_DOENCAS,ID_CRITERIOS,NOME) values ('9','3','Obesidade');
Insert into LEIAABDG10.DOENCAS (ID_DOENCAS,ID_CRITERIOS,NOME) values ('10','3','Outras doencas');
REM INSERTING into LEIAABDG10.DOSES
SET DEFINE OFF;
Insert into LEIAABDG10.DOSES (ID_DOSE,ID_FRASCO,ESTADO,DATA_DA_DOSE) values ('5','4','Bom',to_date('21.05.11','RR.MM.DD'));
Insert into LEIAABDG10.DOSES (ID_DOSE,ID_FRASCO,ESTADO,DATA_DA_DOSE) values ('1','1','Bom',to_date('20.12.05','RR.MM.DD'));
Insert into LEIAABDG10.DOSES (ID_DOSE,ID_FRASCO,ESTADO,DATA_DA_DOSE) values ('2','2','Bom',to_date('20.12.13','RR.MM.DD'));
Insert into LEIAABDG10.DOSES (ID_DOSE,ID_FRASCO,ESTADO,DATA_DA_DOSE) values ('3','3','Bom',to_date('21.03.08','RR.MM.DD'));
Insert into LEIAABDG10.DOSES (ID_DOSE,ID_FRASCO,ESTADO,DATA_DA_DOSE) values ('4','4','Bom',to_date('21.05.11','RR.MM.DD'));
Insert into LEIAABDG10.DOSES (ID_DOSE,ID_FRASCO,ESTADO,DATA_DA_DOSE) values ('6','6','Estragado
',to_date('21.05.16','RR.MM.DD'));
Insert into LEIAABDG10.DOSES (ID_DOSE,ID_FRASCO,ESTADO,DATA_DA_DOSE) values ('7','1','Bom',to_date('21.04.06','RR.MM.DD'));
Insert into LEIAABDG10.DOSES (ID_DOSE,ID_FRASCO,ESTADO,DATA_DA_DOSE) values ('8','2','Bom',to_date('21.05.14','RR.MM.DD'));
Insert into LEIAABDG10.DOSES (ID_DOSE,ID_FRASCO,ESTADO,DATA_DA_DOSE) values ('9','3','Bom',to_date('21.03.10','RR.MM.DD'));
Insert into LEIAABDG10.DOSES (ID_DOSE,ID_FRASCO,ESTADO,DATA_DA_DOSE) values ('10','5','Bom',to_date('21.02.26','RR.MM.DD'));
REM INSERTING into LEIAABDG10.ENFERMEIROS
SET DEFINE OFF;
Insert into LEIAABDG10.ENFERMEIROS (CC,ID_ENFERMEIRO,ID_CENTROSAUDE,NOME,DATA_NASCIMENTO,MORADA,CODIGO_POSTAL,CONCELHO,CIDADE,REGIAO,TELEMOVEL,EMAIL) values ('15668707','1','3','Rodrigo Carvalhal Barroso',to_date('78.09.25','RR.MM.DD'),'Alameda Henrique Barros, 918','2430-482','São Pedro de Muel','Faro','Sul','1072055927','amillion1@merriam-webster.com');
Insert into LEIAABDG10.ENFERMEIROS (CC,ID_ENFERMEIRO,ID_CENTROSAUDE,NOME,DATA_NASCIMENTO,MORADA,CODIGO_POSTAL,CONCELHO,CIDADE,REGIAO,TELEMOVEL,EMAIL) values ('27716898','2','4','Adriana Fiúza Fraga',to_date('65.03.15','RR.MM.DD'),'Avenida Norberto Xavier, 597','3080-570','Serra de Santa Marinha','Lisboa','Centro','4804049390','rpabel2@elegantthemes.com');
Insert into LEIAABDG10.ENFERMEIROS (CC,ID_ENFERMEIRO,ID_CENTROSAUDE,NOME,DATA_NASCIMENTO,MORADA,CODIGO_POSTAL,CONCELHO,CIDADE,REGIAO,TELEMOVEL,EMAIL) values ('27724218','3','6','Áurea Vidal Sodré',to_date('96.02.12','RR.MM.DD'),'Rua Melissa Costa, 21','2645-456','Vila Chã','Viseu','Centro','4393451653','aunderhill3@i2i.jp');
Insert into LEIAABDG10.ENFERMEIROS (CC,ID_ENFERMEIRO,ID_CENTROSAUDE,NOME,DATA_NASCIMENTO,MORADA,CODIGO_POSTAL,CONCELHO,CIDADE,REGIAO,TELEMOVEL,EMAIL) values ('84649472','4','5','Mariana Pinhal Mendonça',to_date('56.08.01','RR.MM.DD'),'Rua Rafael Melo, 8942','3505-209','Maia','Porto','Norte','5969919076','mskullet4@theguardian.com');
REM INSERTING into LEIAABDG10.EXERCEM
SET DEFINE OFF;
Insert into LEIAABDG10.EXERCEM (ID_PROFISSAO,CC) values ('1','15668707');
Insert into LEIAABDG10.EXERCEM (ID_PROFISSAO,CC) values ('1','27716898');
Insert into LEIAABDG10.EXERCEM (ID_PROFISSAO,CC) values ('1','27724218');
Insert into LEIAABDG10.EXERCEM (ID_PROFISSAO,CC) values ('1','84649472');
Insert into LEIAABDG10.EXERCEM (ID_PROFISSAO,CC) values ('2','89192206');
Insert into LEIAABDG10.EXERCEM (ID_PROFISSAO,CC) values ('4','93615842');
Insert into LEIAABDG10.EXERCEM (ID_PROFISSAO,CC) values ('8','15799169');
Insert into LEIAABDG10.EXERCEM (ID_PROFISSAO,CC) values ('9','6248132');
Insert into LEIAABDG10.EXERCEM (ID_PROFISSAO,CC) values ('9','30035762');
Insert into LEIAABDG10.EXERCEM (ID_PROFISSAO,CC) values ('10','13219152');
Insert into LEIAABDG10.EXERCEM (ID_PROFISSAO,CC) values ('11','38817065');
REM INSERTING into LEIAABDG10.FASES
SET DEFINE OFF;
Insert into LEIAABDG10.FASES (ID_FASE,DATA_INICIO,DATA_FIM,NUMERO_FASE) values ('1',to_date('20.12.01','RR.MM.DD'),to_date('21.03.17','RR.MM.DD'),'1');
Insert into LEIAABDG10.FASES (ID_FASE,DATA_INICIO,DATA_FIM,NUMERO_FASE) values ('2',to_date('21.03.22','RR.MM.DD'),to_date('21.05.31','RR.MM.DD'),'2');
Insert into LEIAABDG10.FASES (ID_FASE,DATA_INICIO,DATA_FIM,NUMERO_FASE) values ('3',to_date('21.05.22','RR.MM.DD'),to_date('21.07.01','RR.MM.DD'),'3');
REM INSERTING into LEIAABDG10.FRASCOS
SET DEFINE OFF;
Insert into LEIAABDG10.FRASCOS (ID_FRASCO,ID_TRANSPORTE,ID_LOTE,LOCALIZACAO,DATA_DE_ABERTURA,ESTADO,DATA_PRODUCAO,VALIDADE) values ('5','3','1','Mealhada',to_date('21.04.01','RR.MM.DD'),'Bom',to_date('21.02.05','RR.MM.DD'),to_date('21.08.19','RR.MM.DD'));
Insert into LEIAABDG10.FRASCOS (ID_FRASCO,ID_TRANSPORTE,ID_LOTE,LOCALIZACAO,DATA_DE_ABERTURA,ESTADO,DATA_PRODUCAO,VALIDADE) values ('7','5','5','Braga',to_date('21.04.06','RR.MM.DD'),'Bom',to_date('21.03.17','RR.MM.DD'),to_date('21.05.17','RR.MM.DD'));
Insert into LEIAABDG10.FRASCOS (ID_FRASCO,ID_TRANSPORTE,ID_LOTE,LOCALIZACAO,DATA_DE_ABERTURA,ESTADO,DATA_PRODUCAO,VALIDADE) values ('8','6','5','Coimbra',to_date('21.04.06','RR.MM.DD'),'Bom',to_date('21.03.17','RR.MM.DD'),to_date('21.05.17','RR.MM.DD'));
Insert into LEIAABDG10.FRASCOS (ID_FRASCO,ID_TRANSPORTE,ID_LOTE,LOCALIZACAO,DATA_DE_ABERTURA,ESTADO,DATA_PRODUCAO,VALIDADE) values ('9','7','5','Porto',to_date('21.04.06','RR.MM.DD'),'Bom',to_date('21.03.17','RR.MM.DD'),to_date('21.05.17','RR.MM.DD'));
Insert into LEIAABDG10.FRASCOS (ID_FRASCO,ID_TRANSPORTE,ID_LOTE,LOCALIZACAO,DATA_DE_ABERTURA,ESTADO,DATA_PRODUCAO,VALIDADE) values ('1','3','1','Aveiro',to_date('20.07.20','RR.MM.DD'),'Bom',to_date('20.06.20','RR.MM.DD'),to_date('21.08.20','RR.MM.DD'));
Insert into LEIAABDG10.FRASCOS (ID_FRASCO,ID_TRANSPORTE,ID_LOTE,LOCALIZACAO,DATA_DE_ABERTURA,ESTADO,DATA_PRODUCAO,VALIDADE) values ('2','1','2','Faro',to_date('21.01.12','RR.MM.DD'),'Bom',to_date('20.12.12','RR.MM.DD'),to_date('21.02.12','RR.MM.DD'));
Insert into LEIAABDG10.FRASCOS (ID_FRASCO,ID_TRANSPORTE,ID_LOTE,LOCALIZACAO,DATA_DE_ABERTURA,ESTADO,DATA_PRODUCAO,VALIDADE) values ('3','2','3','Lisboa',to_date('20.06.10','RR.MM.DD'),'Bom',to_date('20.05.10','RR.MM.DD'),to_date('20.07.10','RR.MM.DD'));
Insert into LEIAABDG10.FRASCOS (ID_FRASCO,ID_TRANSPORTE,ID_LOTE,LOCALIZACAO,DATA_DE_ABERTURA,ESTADO,DATA_PRODUCAO,VALIDADE) values ('4','4','4','Porto',to_date('21.05.10','RR.MM.DD'),'Bom',to_date('21.04.10','RR.MM.DD'),to_date('21.06.10','RR.MM.DD'));
Insert into LEIAABDG10.FRASCOS (ID_FRASCO,ID_TRANSPORTE,ID_LOTE,LOCALIZACAO,DATA_DE_ABERTURA,ESTADO,DATA_PRODUCAO,VALIDADE) values ('6','3','19','Braganca
',to_date('20.07.20','RR.MM.DD'),'Bom',to_date('20.06.20','RR.MM.DD'),to_date('20.08.20','RR.MM.DD'));
REM INSERTING into LEIAABDG10.INCLUEM
SET DEFINE OFF;
Insert into LEIAABDG10.INCLUEM (ID_CRITERIOS,ID_LOCALPROF) values ('1','1');
Insert into LEIAABDG10.INCLUEM (ID_CRITERIOS,ID_LOCALPROF) values ('1','2');
Insert into LEIAABDG10.INCLUEM (ID_CRITERIOS,ID_LOCALPROF) values ('1','6');
Insert into LEIAABDG10.INCLUEM (ID_CRITERIOS,ID_LOCALPROF) values ('2','3');
Insert into LEIAABDG10.INCLUEM (ID_CRITERIOS,ID_LOCALPROF) values ('2','4');
Insert into LEIAABDG10.INCLUEM (ID_CRITERIOS,ID_LOCALPROF) values ('3','5');
REM INSERTING into LEIAABDG10.LOCAIS_DE_TRABALHO
SET DEFINE OFF;
Insert into LEIAABDG10.LOCAIS_DE_TRABALHO (ID_LOCALPROF,LOCAL_TRABALHO,TIPO) values ('7','Hospital','Privado');
Insert into LEIAABDG10.LOCAIS_DE_TRABALHO (ID_LOCALPROF,LOCAL_TRABALHO,TIPO) values ('1','Bombeiros','Publico');
Insert into LEIAABDG10.LOCAIS_DE_TRABALHO (ID_LOCALPROF,LOCAL_TRABALHO,TIPO) values ('2','GNR','Publico');
Insert into LEIAABDG10.LOCAIS_DE_TRABALHO (ID_LOCALPROF,LOCAL_TRABALHO,TIPO) values ('3','Instituto Superior de Engenharia','Publico');
Insert into LEIAABDG10.LOCAIS_DE_TRABALHO (ID_LOCALPROF,LOCAL_TRABALHO,TIPO) values ('4','Continente','Privado');
Insert into LEIAABDG10.LOCAIS_DE_TRABALHO (ID_LOCALPROF,LOCAL_TRABALHO,TIPO) values ('5','SM3Informatica','Privado');
Insert into LEIAABDG10.LOCAIS_DE_TRABALHO (ID_LOCALPROF,LOCAL_TRABALHO,TIPO) values ('6','Hospital','Publico');
Insert into LEIAABDG10.LOCAIS_DE_TRABALHO (ID_LOCALPROF,LOCAL_TRABALHO,TIPO) values ('8','Escola Secundaria','Publico');
Insert into LEIAABDG10.LOCAIS_DE_TRABALHO (ID_LOCALPROF,LOCAL_TRABALHO,TIPO) values ('9','Centro de Saude','Publico');
REM INSERTING into LEIAABDG10.LOTES_DAS_VACINAS
SET DEFINE OFF;
Insert into LEIAABDG10.LOTES_DAS_VACINAS (ID_LOTE,ID_VACINA,ID_ARMAZEM,QUANTIDADE,DATA_PRODUCAO) values ('6','2','6','472',to_date('20.12.12','RR.MM.DD'));
Insert into LEIAABDG10.LOTES_DAS_VACINAS (ID_LOTE,ID_VACINA,ID_ARMAZEM,QUANTIDADE,DATA_PRODUCAO) values ('7','3','7','153',to_date('20.05.10','RR.MM.DD'));
Insert into LEIAABDG10.LOTES_DAS_VACINAS (ID_LOTE,ID_VACINA,ID_ARMAZEM,QUANTIDADE,DATA_PRODUCAO) values ('8','4','8','222',to_date('21.04.10','RR.MM.DD'));
Insert into LEIAABDG10.LOTES_DAS_VACINAS (ID_LOTE,ID_VACINA,ID_ARMAZEM,QUANTIDADE,DATA_PRODUCAO) values ('9','1','9','364',to_date('20.11.25','RR.MM.DD'));
Insert into LEIAABDG10.LOTES_DAS_VACINAS (ID_LOTE,ID_VACINA,ID_ARMAZEM,QUANTIDADE,DATA_PRODUCAO) values ('10','1','10','226',to_date('20.11.25','RR.MM.DD'));
Insert into LEIAABDG10.LOTES_DAS_VACINAS (ID_LOTE,ID_VACINA,ID_ARMAZEM,QUANTIDADE,DATA_PRODUCAO) values ('11','2','11','212',to_date('20.12.12','RR.MM.DD'));
Insert into LEIAABDG10.LOTES_DAS_VACINAS (ID_LOTE,ID_VACINA,ID_ARMAZEM,QUANTIDADE,DATA_PRODUCAO) values ('12','3','12','284',to_date('20.05.10','RR.MM.DD'));
Insert into LEIAABDG10.LOTES_DAS_VACINAS (ID_LOTE,ID_VACINA,ID_ARMAZEM,QUANTIDADE,DATA_PRODUCAO) values ('13','4','13','351',to_date('21.04.10','RR.MM.DD'));
Insert into LEIAABDG10.LOTES_DAS_VACINAS (ID_LOTE,ID_VACINA,ID_ARMAZEM,QUANTIDADE,DATA_PRODUCAO) values ('16','3','12','284',to_date('21.02.10','RR.MM.DD'));
Insert into LEIAABDG10.LOTES_DAS_VACINAS (ID_LOTE,ID_VACINA,ID_ARMAZEM,QUANTIDADE,DATA_PRODUCAO) values ('14','1','10','364',to_date('20.11.25','RR.MM.DD'));
Insert into LEIAABDG10.LOTES_DAS_VACINAS (ID_LOTE,ID_VACINA,ID_ARMAZEM,QUANTIDADE,DATA_PRODUCAO) values ('15','2','11','212',to_date('21.05.06','RR.MM.DD'));
Insert into LEIAABDG10.LOTES_DAS_VACINAS (ID_LOTE,ID_VACINA,ID_ARMAZEM,QUANTIDADE,DATA_PRODUCAO) values ('17','4','13','351',to_date('21.04.10','RR.MM.DD'));
Insert into LEIAABDG10.LOTES_DAS_VACINAS (ID_LOTE,ID_VACINA,ID_ARMAZEM,QUANTIDADE,DATA_PRODUCAO) values ('1','1','1','156',to_date('20.11.25','RR.MM.DD'));
Insert into LEIAABDG10.LOTES_DAS_VACINAS (ID_LOTE,ID_VACINA,ID_ARMAZEM,QUANTIDADE,DATA_PRODUCAO) values ('2','2','2','465',to_date('20.12.12','RR.MM.DD'));
Insert into LEIAABDG10.LOTES_DAS_VACINAS (ID_LOTE,ID_VACINA,ID_ARMAZEM,QUANTIDADE,DATA_PRODUCAO) values ('3','3','3','284',to_date('20.05.10','RR.MM.DD'));
Insert into LEIAABDG10.LOTES_DAS_VACINAS (ID_LOTE,ID_VACINA,ID_ARMAZEM,QUANTIDADE,DATA_PRODUCAO) values ('4','4','4','343',to_date('21.04.10','RR.MM.DD'));
Insert into LEIAABDG10.LOTES_DAS_VACINAS (ID_LOTE,ID_VACINA,ID_ARMAZEM,QUANTIDADE,DATA_PRODUCAO) values ('5','1','5','174',to_date('21.03.17','RR.MM.DD'));
Insert into LEIAABDG10.LOTES_DAS_VACINAS (ID_LOTE,ID_VACINA,ID_ARMAZEM,QUANTIDADE,DATA_PRODUCAO) values ('18','2','1','156',to_date('20.11.25','RR.MM.DD'));
Insert into LEIAABDG10.LOTES_DAS_VACINAS (ID_LOTE,ID_VACINA,ID_ARMAZEM,QUANTIDADE,DATA_PRODUCAO) values ('19','3','1','404',to_date('20.11.25','RR.MM.DD'));
REM INSERTING into LEIAABDG10.ORIGINARAM
SET DEFINE OFF;
Insert into LEIAABDG10.ORIGINARAM (ID_REACOES,ID_VACINA) values ('1','1');
Insert into LEIAABDG10.ORIGINARAM (ID_REACOES,ID_VACINA) values ('2','2');
Insert into LEIAABDG10.ORIGINARAM (ID_REACOES,ID_VACINA) values ('3','3');
Insert into LEIAABDG10.ORIGINARAM (ID_REACOES,ID_VACINA) values ('4','4');
Insert into LEIAABDG10.ORIGINARAM (ID_REACOES,ID_VACINA) values ('5','4');
REM INSERTING into LEIAABDG10.PESSOAS
SET DEFINE OFF;
Insert into LEIAABDG10.PESSOAS (CC,ID_CENTROSAUDE,NOME,DATA_NASCIMENTO,MORADA,CODIGO_POSTAL,CONCELHO,CIDADE,REGIAO,TELEMOVEL,EMAIL) values ('15799169','1','Angélico Parente Gil',to_date('75.01.05','RR.MM.DD'),'Rua Dom Pedro São Victor, 3','4714-501','Braga','Braga','Norte','934819763','gilbraga@gmail.com');
Insert into LEIAABDG10.PESSOAS (CC,ID_CENTROSAUDE,NOME,DATA_NASCIMENTO,MORADA,CODIGO_POSTAL,CONCELHO,CIDADE,REGIAO,TELEMOVEL,EMAIL) values ('30035762','7','Amaro Salgueiro Dâmaso',to_date('61.05.04','RR.MM.DD'),'Marginal Maria Alice Pereira, 95','0268-4936','Olhão','Faro','Sul','2829313812','Amaro@gmail.com');
Insert into LEIAABDG10.PESSOAS (CC,ID_CENTROSAUDE,NOME,DATA_NASCIMENTO,MORADA,CODIGO_POSTAL,CONCELHO,CIDADE,REGIAO,TELEMOVEL,EMAIL) values ('15668707','3','Rodrigo Carvalhal Barroso',to_date('78.09.25','RR.MM.DD'),'Alameda Henrique Barros, 918','2430-482','São Pedro de Muel','Faro','Sul','1072055927','amillion1@merriam-webster.com');
Insert into LEIAABDG10.PESSOAS (CC,ID_CENTROSAUDE,NOME,DATA_NASCIMENTO,MORADA,CODIGO_POSTAL,CONCELHO,CIDADE,REGIAO,TELEMOVEL,EMAIL) values ('27716898','4','Adriana Fiúza Fraga',to_date('65.03.15','RR.MM.DD'),'Avenida Norberto Xavier, 597','3080-570','Serra de Santa Marinha','Lisboa','Centro','4804049390','rpabel2@elegantthemes.com');
Insert into LEIAABDG10.PESSOAS (CC,ID_CENTROSAUDE,NOME,DATA_NASCIMENTO,MORADA,CODIGO_POSTAL,CONCELHO,CIDADE,REGIAO,TELEMOVEL,EMAIL) values ('27724218','6','Áurea Vidal Sodré',to_date('96.02.12','RR.MM.DD'),'Rua Melissa Costa, 21','2645-456','Vila Chã','Viseu','Centro','4393451653','aunderhill3@i2i.jp');
Insert into LEIAABDG10.PESSOAS (CC,ID_CENTROSAUDE,NOME,DATA_NASCIMENTO,MORADA,CODIGO_POSTAL,CONCELHO,CIDADE,REGIAO,TELEMOVEL,EMAIL) values ('84649472','5','Mariana Pinhal Mendonça',to_date('56.08.01','RR.MM.DD'),'Rua Rafael Melo, 8942','3505-209','Maia','Porto','Norte','5969919076','mskullet4@theguardian.com');
Insert into LEIAABDG10.PESSOAS (CC,ID_CENTROSAUDE,NOME,DATA_NASCIMENTO,MORADA,CODIGO_POSTAL,CONCELHO,CIDADE,REGIAO,TELEMOVEL,EMAIL) values ('13219152','2','Tomás Telinhos Dutra',to_date('81.04.01','RR.MM.DD'),'Travessa Marcelo Macedo, 1778','2630-015','Arouca','Aveiro','Centro','2674921406','lbenoit0@slate.com');
Insert into LEIAABDG10.PESSOAS (CC,ID_CENTROSAUDE,NOME,DATA_NASCIMENTO,MORADA,CODIGO_POSTAL,CONCELHO,CIDADE,REGIAO,TELEMOVEL,EMAIL) values ('38817065','2','Celina Covilhã Peseiro',to_date('79.09.14','RR.MM.DD'),'Avenida Leonardo Melo, 958','7302-755','Espinho','Aveiro','Centro','2089938894','celina@gmail.com');
Insert into LEIAABDG10.PESSOAS (CC,ID_CENTROSAUDE,NOME,DATA_NASCIMENTO,MORADA,CODIGO_POSTAL,CONCELHO,CIDADE,REGIAO,TELEMOVEL,EMAIL) values ('89192206','1','Valentim Quina Pires',to_date('53.05.20','RR.MM.DD'),'Marginal João Lucas Nogueira, 548','7944-7449','Gondomar','Porto','Norte','9156331512','valentimP@gmail.com');
Insert into LEIAABDG10.PESSOAS (CC,ID_CENTROSAUDE,NOME,DATA_NASCIMENTO,MORADA,CODIGO_POSTAL,CONCELHO,CIDADE,REGIAO,TELEMOVEL,EMAIL) values ('6248132','1','Alda Garrido Abranches',to_date('61.05.27','RR.MM.DD'),'Avenida Alexandre Silva, 850','50749-720','Gondomar','Porto','Norte','2245443123','aldinha@gmail.com');
Insert into LEIAABDG10.PESSOAS (CC,ID_CENTROSAUDE,NOME,DATA_NASCIMENTO,MORADA,CODIGO_POSTAL,CONCELHO,CIDADE,REGIAO,TELEMOVEL,EMAIL) values ('93615842','9','Filipe Cangueiro Barcelos',to_date('00.05.04','RR.MM.DD'),'Alameda Paulo Santos, 54','17139-496','Lamego','Viseu','Norte','9123121442','fpla@outlook.pt');
REM INSERTING into LEIAABDG10.PODEM_GUARDAR
SET DEFINE OFF;
Insert into LEIAABDG10.PODEM_GUARDAR (ID_VACINA,ID_ARMAZEM) values ('1','1');
Insert into LEIAABDG10.PODEM_GUARDAR (ID_VACINA,ID_ARMAZEM) values ('1','9');
Insert into LEIAABDG10.PODEM_GUARDAR (ID_VACINA,ID_ARMAZEM) values ('1','12');
Insert into LEIAABDG10.PODEM_GUARDAR (ID_VACINA,ID_ARMAZEM) values ('1','13');
Insert into LEIAABDG10.PODEM_GUARDAR (ID_VACINA,ID_ARMAZEM) values ('2','2');
Insert into LEIAABDG10.PODEM_GUARDAR (ID_VACINA,ID_ARMAZEM) values ('2','4');
Insert into LEIAABDG10.PODEM_GUARDAR (ID_VACINA,ID_ARMAZEM) values ('2','8');
Insert into LEIAABDG10.PODEM_GUARDAR (ID_VACINA,ID_ARMAZEM) values ('3','6');
Insert into LEIAABDG10.PODEM_GUARDAR (ID_VACINA,ID_ARMAZEM) values ('3','10');
Insert into LEIAABDG10.PODEM_GUARDAR (ID_VACINA,ID_ARMAZEM) values ('3','11');
Insert into LEIAABDG10.PODEM_GUARDAR (ID_VACINA,ID_ARMAZEM) values ('4','3');
Insert into LEIAABDG10.PODEM_GUARDAR (ID_VACINA,ID_ARMAZEM) values ('4','5');
Insert into LEIAABDG10.PODEM_GUARDAR (ID_VACINA,ID_ARMAZEM) values ('4','7');
REM INSERTING into LEIAABDG10.PODEM_TER
SET DEFINE OFF;
Insert into LEIAABDG10.PODEM_TER (ID_DOENCAS,CC) values ('2','13219152');
Insert into LEIAABDG10.PODEM_TER (ID_DOENCAS,CC) values ('5','93615842');
Insert into LEIAABDG10.PODEM_TER (ID_DOENCAS,CC) values ('6','84649472');
Insert into LEIAABDG10.PODEM_TER (ID_DOENCAS,CC) values ('7','30035762');
Insert into LEIAABDG10.PODEM_TER (ID_DOENCAS,CC) values ('8','89192206');
REM INSERTING into LEIAABDG10.PROFISSOES
SET DEFINE OFF;
Insert into LEIAABDG10.PROFISSOES (ID_PROFISSAO,PROFISSAO) values ('1','Enfermeiro');
Insert into LEIAABDG10.PROFISSOES (ID_PROFISSAO,PROFISSAO) values ('2','Bombeiro');
Insert into LEIAABDG10.PROFISSOES (ID_PROFISSAO,PROFISSAO) values ('3','Médico');
Insert into LEIAABDG10.PROFISSOES (ID_PROFISSAO,PROFISSAO) values ('4','Estudante');
Insert into LEIAABDG10.PROFISSOES (ID_PROFISSAO,PROFISSAO) values ('5','Apicultor');
Insert into LEIAABDG10.PROFISSOES (ID_PROFISSAO,PROFISSAO) values ('6','Arquiteto');
Insert into LEIAABDG10.PROFISSOES (ID_PROFISSAO,PROFISSAO) values ('7','Carpinteiro');
Insert into LEIAABDG10.PROFISSOES (ID_PROFISSAO,PROFISSAO) values ('8','GNR');
Insert into LEIAABDG10.PROFISSOES (ID_PROFISSAO,PROFISSAO) values ('9','Professor');
Insert into LEIAABDG10.PROFISSOES (ID_PROFISSAO,PROFISSAO) values ('10','Programador');
Insert into LEIAABDG10.PROFISSOES (ID_PROFISSAO,PROFISSAO) values ('11','Psicologo');
REM INSERTING into LEIAABDG10.REACOES
SET DEFINE OFF;
Insert into LEIAABDG10.REACOES (ID_REACOES,AVALIACAO) values ('1','Vermilhao');
Insert into LEIAABDG10.REACOES (ID_REACOES,AVALIACAO) values ('2','Febre');
Insert into LEIAABDG10.REACOES (ID_REACOES,AVALIACAO) values ('3','Dor de cabeca');
Insert into LEIAABDG10.REACOES (ID_REACOES,AVALIACAO) values ('4','Dores nos membros');
Insert into LEIAABDG10.REACOES (ID_REACOES,AVALIACAO) values ('5','Choque alergico');
REM INSERTING into LEIAABDG10.RESPONSAVEIS
SET DEFINE OFF;
Insert into LEIAABDG10.RESPONSAVEIS (ID_TURNO,ID_ENFERMEIRO) values ('1','1');
Insert into LEIAABDG10.RESPONSAVEIS (ID_TURNO,ID_ENFERMEIRO) values ('2','1');
Insert into LEIAABDG10.RESPONSAVEIS (ID_TURNO,ID_ENFERMEIRO) values ('3','1');
Insert into LEIAABDG10.RESPONSAVEIS (ID_TURNO,ID_ENFERMEIRO) values ('4','2');
Insert into LEIAABDG10.RESPONSAVEIS (ID_TURNO,ID_ENFERMEIRO) values ('5','2');
Insert into LEIAABDG10.RESPONSAVEIS (ID_TURNO,ID_ENFERMEIRO) values ('6','2');
Insert into LEIAABDG10.RESPONSAVEIS (ID_TURNO,ID_ENFERMEIRO) values ('7','3');
Insert into LEIAABDG10.RESPONSAVEIS (ID_TURNO,ID_ENFERMEIRO) values ('8','3');
Insert into LEIAABDG10.RESPONSAVEIS (ID_TURNO,ID_ENFERMEIRO) values ('9','3');
Insert into LEIAABDG10.RESPONSAVEIS (ID_TURNO,ID_ENFERMEIRO) values ('10','4');
Insert into LEIAABDG10.RESPONSAVEIS (ID_TURNO,ID_ENFERMEIRO) values ('11','4');
Insert into LEIAABDG10.RESPONSAVEIS (ID_TURNO,ID_ENFERMEIRO) values ('12','4');
REM INSERTING into LEIAABDG10.SLOTS
SET DEFINE OFF;
Insert into LEIAABDG10.SLOTS (ID_SLOT,ID_TURNO,HORA_ESCOLHIDA) values ('7','7',to_timestamp('21.04.06 09:23:34,951000000','RR.MM.DD HH24:MI:SSXFF'));
Insert into LEIAABDG10.SLOTS (ID_SLOT,ID_TURNO,HORA_ESCOLHIDA) values ('8','8',to_timestamp('21.04.07 18:00:50,035000000','RR.MM.DD HH24:MI:SSXFF'));
Insert into LEIAABDG10.SLOTS (ID_SLOT,ID_TURNO,HORA_ESCOLHIDA) values ('9','9',to_timestamp('21.04.07 10:00:00,171000000','RR.MM.DD HH24:MI:SSXFF'));
Insert into LEIAABDG10.SLOTS (ID_SLOT,ID_TURNO,HORA_ESCOLHIDA) values ('10','10',to_timestamp('21.04.07 10:40:16,910000000','RR.MM.DD HH24:MI:SSXFF'));
Insert into LEIAABDG10.SLOTS (ID_SLOT,ID_TURNO,HORA_ESCOLHIDA) values ('11','11',to_timestamp('21.04.08 10:32:29,376000000','RR.MM.DD HH24:MI:SSXFF'));
Insert into LEIAABDG10.SLOTS (ID_SLOT,ID_TURNO,HORA_ESCOLHIDA) values ('12','12',to_timestamp('21.04.08 11:03:35,943000000','RR.MM.DD HH24:MI:SSXFF'));
Insert into LEIAABDG10.SLOTS (ID_SLOT,ID_TURNO,HORA_ESCOLHIDA) values ('1','1',to_timestamp('20.12.04 14:56:06,000000000','RR.MM.DD HH24:MI:SSXFF'));
Insert into LEIAABDG10.SLOTS (ID_SLOT,ID_TURNO,HORA_ESCOLHIDA) values ('2','2',to_timestamp('21.03.29 12:32:35,590000000','RR.MM.DD HH24:MI:SSXFF'));
Insert into LEIAABDG10.SLOTS (ID_SLOT,ID_TURNO,HORA_ESCOLHIDA) values ('3','3',to_timestamp('20.12.10 08:56:44,858000000','RR.MM.DD HH24:MI:SSXFF'));
Insert into LEIAABDG10.SLOTS (ID_SLOT,ID_TURNO,HORA_ESCOLHIDA) values ('4','4',to_timestamp('21.05.08 18:56:51,390000000','RR.MM.DD HH24:MI:SSXFF'));
Insert into LEIAABDG10.SLOTS (ID_SLOT,ID_TURNO,HORA_ESCOLHIDA) values ('5','5',to_timestamp('21.03.05 11:00:12,266000000','RR.MM.DD HH24:MI:SSXFF'));
Insert into LEIAABDG10.SLOTS (ID_SLOT,ID_TURNO,HORA_ESCOLHIDA) values ('6','6',to_timestamp('21.04.05 14:45:24,417000000','RR.MM.DD HH24:MI:SSXFF'));
REM INSERTING into LEIAABDG10.TOMAS_DA_VACINA
SET DEFINE OFF;
Insert into LEIAABDG10.TOMAS_DA_VACINA (ID_TOMA,ID_CONVOCATORIA,ID_DOSE,DATATOMA,DOSE) values ('5','5','7',to_date('21.03.04','RR.MM.DD'),'2');
Insert into LEIAABDG10.TOMAS_DA_VACINA (ID_TOMA,ID_CONVOCATORIA,ID_DOSE,DATATOMA,DOSE) values ('6','10','8',to_date('21.04.07','RR.MM.DD'),'1');
Insert into LEIAABDG10.TOMAS_DA_VACINA (ID_TOMA,ID_CONVOCATORIA,ID_DOSE,DATATOMA,DOSE) values ('7','11','9',to_date('21.04.08','RR.MM.DD'),'1');
Insert into LEIAABDG10.TOMAS_DA_VACINA (ID_TOMA,ID_CONVOCATORIA,ID_DOSE,DATATOMA,DOSE) values ('8','12','10',to_date('21.04.08','RR.MM.DD'),'1');
Insert into LEIAABDG10.TOMAS_DA_VACINA (ID_TOMA,ID_CONVOCATORIA,ID_DOSE,DATATOMA,DOSE) values ('1','1','1',to_date('20.12.05','RR.MM.DD'),'1');
Insert into LEIAABDG10.TOMAS_DA_VACINA (ID_TOMA,ID_CONVOCATORIA,ID_DOSE,DATATOMA,DOSE) values ('2','2','2',to_date('20.12.13','RR.MM.DD'),'1');
Insert into LEIAABDG10.TOMAS_DA_VACINA (ID_TOMA,ID_CONVOCATORIA,ID_DOSE,DATATOMA,DOSE) values ('3','3','3',to_date('21.03.08','RR.MM.DD'),'1');
Insert into LEIAABDG10.TOMAS_DA_VACINA (ID_TOMA,ID_CONVOCATORIA,ID_DOSE,DATATOMA,DOSE) values ('4','4','4',to_date('21.05.11','RR.MM.DD'),'1');
REM INSERTING into LEIAABDG10.TRABALHAM
SET DEFINE OFF;
Insert into LEIAABDG10.TRABALHAM (ID_LOCALPROF,CC) values ('1','89192206');
Insert into LEIAABDG10.TRABALHAM (ID_LOCALPROF,CC) values ('2','15799169');
Insert into LEIAABDG10.TRABALHAM (ID_LOCALPROF,CC) values ('3','6248132');
Insert into LEIAABDG10.TRABALHAM (ID_LOCALPROF,CC) values ('3','93615842');
Insert into LEIAABDG10.TRABALHAM (ID_LOCALPROF,CC) values ('5','13219152');
Insert into LEIAABDG10.TRABALHAM (ID_LOCALPROF,CC) values ('6','15668707');
Insert into LEIAABDG10.TRABALHAM (ID_LOCALPROF,CC) values ('7','27724218');
Insert into LEIAABDG10.TRABALHAM (ID_LOCALPROF,CC) values ('8','30035762');
Insert into LEIAABDG10.TRABALHAM (ID_LOCALPROF,CC) values ('8','38817065');
Insert into LEIAABDG10.TRABALHAM (ID_LOCALPROF,CC) values ('9','27716898');
Insert into LEIAABDG10.TRABALHAM (ID_LOCALPROF,CC) values ('9','84649472');
REM INSERTING into LEIAABDG10.TRANSPORTES
SET DEFINE OFF;
Insert into LEIAABDG10.TRANSPORTES (ID_TRANSPORTE,ID_CENTRO,ID_ARMAZEM,DATA) values ('1','1','10',to_date('20.12.01','RR.MM.DD'));
Insert into LEIAABDG10.TRANSPORTES (ID_TRANSPORTE,ID_CENTRO,ID_ARMAZEM,DATA) values ('2','3','11',to_date('20.11.26','RR.MM.DD'));
Insert into LEIAABDG10.TRANSPORTES (ID_TRANSPORTE,ID_CENTRO,ID_ARMAZEM,DATA) values ('3','5','2',to_date('21.02.24','RR.MM.DD'));
Insert into LEIAABDG10.TRANSPORTES (ID_TRANSPORTE,ID_CENTRO,ID_ARMAZEM,DATA) values ('4','4','3',to_date('21.04.28','RR.MM.DD'));
Insert into LEIAABDG10.TRANSPORTES (ID_TRANSPORTE,ID_CENTRO,ID_ARMAZEM,DATA) values ('5','1','4',to_date('21.03.30','RR.MM.DD'));
Insert into LEIAABDG10.TRANSPORTES (ID_TRANSPORTE,ID_CENTRO,ID_ARMAZEM,DATA) values ('6','4','2',to_date('21.03.30','RR.MM.DD'));
Insert into LEIAABDG10.TRANSPORTES (ID_TRANSPORTE,ID_CENTRO,ID_ARMAZEM,DATA) values ('7','6','3',to_date('21.03.30','RR.MM.DD'));
REM INSERTING into LEIAABDG10.TURNOS_DE_VACINACAO
SET DEFINE OFF;
Insert into LEIAABDG10.TURNOS_DE_VACINACAO (ID_TURNO,ID_CENTRO,DATA_INICIO,DATA_FIM,TEMPO_MEDIO) values ('7','7',to_date('21.04.06','RR.MM.DD'),to_date('21.04.06','RR.MM.DD'),'12,98');
Insert into LEIAABDG10.TURNOS_DE_VACINACAO (ID_TURNO,ID_CENTRO,DATA_INICIO,DATA_FIM,TEMPO_MEDIO) values ('8','2',to_date('21.04.07','RR.MM.DD'),to_date('21.04.07','RR.MM.DD'),'8,102');
Insert into LEIAABDG10.TURNOS_DE_VACINACAO (ID_TURNO,ID_CENTRO,DATA_INICIO,DATA_FIM,TEMPO_MEDIO) values ('9','3',to_date('21.04.07','RR.MM.DD'),to_date('21.04.07','RR.MM.DD'),'10,372');
Insert into LEIAABDG10.TURNOS_DE_VACINACAO (ID_TURNO,ID_CENTRO,DATA_INICIO,DATA_FIM,TEMPO_MEDIO) values ('10','8',to_date('21.04.07','RR.MM.DD'),to_date('21.04.07','RR.MM.DD'),'10,136');
Insert into LEIAABDG10.TURNOS_DE_VACINACAO (ID_TURNO,ID_CENTRO,DATA_INICIO,DATA_FIM,TEMPO_MEDIO) values ('11','4',to_date('21.04.08','RR.MM.DD'),to_date('21.04.08','RR.MM.DD'),'8,56');
Insert into LEIAABDG10.TURNOS_DE_VACINACAO (ID_TURNO,ID_CENTRO,DATA_INICIO,DATA_FIM,TEMPO_MEDIO) values ('12','6',to_date('21.04.08','RR.MM.DD'),to_date('21.04.08','RR.MM.DD'),'7,569');
Insert into LEIAABDG10.TURNOS_DE_VACINACAO (ID_TURNO,ID_CENTRO,DATA_INICIO,DATA_FIM,TEMPO_MEDIO) values ('1','7',to_date('20.12.04','RR.MM.DD'),to_date('20.12.04','RR.MM.DD'),'13,98');
Insert into LEIAABDG10.TURNOS_DE_VACINACAO (ID_TURNO,ID_CENTRO,DATA_INICIO,DATA_FIM,TEMPO_MEDIO) values ('2','9',to_date('21.03.29','RR.MM.DD'),to_date('21.03.29','RR.MM.DD'),'8,102');
Insert into LEIAABDG10.TURNOS_DE_VACINACAO (ID_TURNO,ID_CENTRO,DATA_INICIO,DATA_FIM,TEMPO_MEDIO) values ('3','1',to_date('20.12.10','RR.MM.DD'),to_date('20.12.12','RR.MM.DD'),'10,372');
Insert into LEIAABDG10.TURNOS_DE_VACINACAO (ID_TURNO,ID_CENTRO,DATA_INICIO,DATA_FIM,TEMPO_MEDIO) values ('4','2',to_date('21.05.08','RR.MM.DD'),to_date('21.05.08','RR.MM.DD'),'11,13');
Insert into LEIAABDG10.TURNOS_DE_VACINACAO (ID_TURNO,ID_CENTRO,DATA_INICIO,DATA_FIM,TEMPO_MEDIO) values ('5','3',to_date('21.03.05','RR.MM.DD'),to_date('21.03.05','RR.MM.DD'),'9,569');
Insert into LEIAABDG10.TURNOS_DE_VACINACAO (ID_TURNO,ID_CENTRO,DATA_INICIO,DATA_FIM,TEMPO_MEDIO) values ('6','5',to_date('21.04.05','RR.MM.DD'),to_date('21.04.05','RR.MM.DD'),'7,569');
REM INSERTING into LEIAABDG10.VACINAS
SET DEFINE OFF;
Insert into LEIAABDG10.VACINAS (ID_VACINA,PAIS,INTERVALODOSE,TEMPO_APOS_ABERTURA,NOME,LABORATORIO,DATA_APROVACAO,NUM_DOSES,CONDICOES) values ('1','EUA/Alemanha','2','4','Comirnaty','Pfizer/BioNTech',to_date('20.12.18','RR.MM.DD'),'2','armazenamento frigorifico a -25º e -25º');
Insert into LEIAABDG10.VACINAS (ID_VACINA,PAIS,INTERVALODOSE,TEMPO_APOS_ABERTURA,NOME,LABORATORIO,DATA_APROVACAO,NUM_DOSES,CONDICOES) values ('2','Reino Unido','3','3','Vaxzevria','Oxford / AstraZeneca',to_date('21.01.02','RR.MM.DD'),'2','armazenamento frigorifico a -80º e -60º');
Insert into LEIAABDG10.VACINAS (ID_VACINA,PAIS,INTERVALODOSE,TEMPO_APOS_ABERTURA,NOME,LABORATORIO,DATA_APROVACAO,NUM_DOSES,CONDICOES) values ('3','EUA','2','4','Moderna COVID-19','Moderna',to_date('20.12.24','RR.MM.DD'),'2','armazenamento frigorifico a -5º e -10º');
Insert into LEIAABDG10.VACINAS (ID_VACINA,PAIS,INTERVALODOSE,TEMPO_APOS_ABERTURA,NOME,LABORATORIO,DATA_APROVACAO,NUM_DOSES,CONDICOES) values ('4','Belgica','6','6','Janssen COVID-19','Johnson Johnson / Janssenh',to_date('21.01.02','RR.MM.DD'),'1','armazenamento frigorifico a 2º e 8º');
